<?xml version="1.0" encoding="UTF-8"?>
<export version="D">
  <design>
    <source>D:\BACKUP_IMAGREDO\OneDrive - INPEL SA\INPEL\PROTOTIPOS\Modulo_EDS-Reles\kicad\EDS-Relays\EDS-Relays.sch</source>
    <date>05/08/2020 14:41:43</date>
    <tool>Eeschema (5.1.2)-2</tool>
    <sheet number="1" name="/" tstamps="/">
      <title_block>
        <title/>
        <company/>
        <rev/>
        <date/>
        <source>EDS-Relays.sch</source>
        <comment number="1" value=""/>
        <comment number="2" value=""/>
        <comment number="3" value=""/>
        <comment number="4" value=""/>
      </title_block>
    </sheet>
  </design>
  <components>
    <comp ref="U1">
      <value>ATmega328P-AU</value>
      <footprint>Package_QFP:TQFP-32_7x7mm_P0.8mm</footprint>
      <datasheet>http://ww1.microchip.com/downloads/en/DeviceDoc/ATmega328_P%20AVR%20MCU%20with%20picoPower%20Technology%20Data%20Sheet%2040001984A.pdf</datasheet>
      <libsource lib="MCU_Microchip_ATmega" part="ATmega328P-AU" description="20MHz, 32kB Flash, 2kB SRAM, 1kB EEPROM, TQFP-32"/>
      <sheetpath names="/" tstamps="/"/>
      <tstamp>5F234210</tstamp>
    </comp>
    <comp ref="Y1">
      <value>Crystal</value>
      <footprint>Crystals:Crystal_SMD_HC49-SD</footprint>
      <datasheet>~</datasheet>
      <libsource lib="Device" part="Crystal" description="Two pin crystal"/>
      <sheetpath names="/" tstamps="/"/>
      <tstamp>5F2436E8</tstamp>
    </comp>
    <comp ref="C3">
      <value>22pF</value>
      <footprint>Capacitors_SMD:C_0603</footprint>
      <datasheet>~</datasheet>
      <libsource lib="Device" part="C" description="Unpolarized capacitor"/>
      <sheetpath names="/" tstamps="/"/>
      <tstamp>5F244494</tstamp>
    </comp>
    <comp ref="C4">
      <value>22pF</value>
      <footprint>Capacitors_SMD:C_0603</footprint>
      <datasheet>~</datasheet>
      <libsource lib="Device" part="C" description="Unpolarized capacitor"/>
      <sheetpath names="/" tstamps="/"/>
      <tstamp>5F245213</tstamp>
    </comp>
    <comp ref="R9">
      <value>10K</value>
      <footprint>Resistors_SMD:R_0603</footprint>
      <datasheet>~</datasheet>
      <libsource lib="Device" part="R" description="Resistor"/>
      <sheetpath names="/" tstamps="/"/>
      <tstamp>5F24CD17</tstamp>
    </comp>
    <comp ref="SW1">
      <value>SW_Push</value>
      <footprint>Buttons_Switches_SMD:SW_SPST_B3S-1000</footprint>
      <datasheet>~</datasheet>
      <libsource lib="Switch" part="SW_Push" description="Push button switch, generic, two pins"/>
      <sheetpath names="/" tstamps="/"/>
      <tstamp>5F24D87B</tstamp>
    </comp>
    <comp ref="C1">
      <value>4.7uF</value>
      <footprint>Capacitors_SMD:CP_Elec_4x4.5</footprint>
      <datasheet>~</datasheet>
      <libsource lib="Device" part="CP" description="Polarized capacitor"/>
      <sheetpath names="/" tstamps="/"/>
      <tstamp>5F2596D7</tstamp>
    </comp>
    <comp ref="C2">
      <value>100nF</value>
      <footprint>Capacitors_SMD:C_0603</footprint>
      <datasheet>~</datasheet>
      <libsource lib="Device" part="C" description="Unpolarized capacitor"/>
      <sheetpath names="/" tstamps="/"/>
      <tstamp>5F25AD97</tstamp>
    </comp>
    <comp ref="U6">
      <value>L293DD013TR</value>
      <footprint>Housings_SOIC:SOIC-20W_7.5x12.8mm_Pitch1.27mm</footprint>
      <fields>
        <field name="Field4">Unavailable</field>
        <field name="Field5">STMicroelectronics</field>
        <field name="Field6">68768</field>
        <field name="Field7">L293DD013TR</field>
        <field name="Field8">SOIC-20 STMicroelectronics</field>
        <field name="Field9">L293DD Series High Voltage Push - Pull Four Channel Driver with Diodes - SOIC-20</field>
      </fields>
      <libsource lib="L293DD013TR" part="L293DD013TR" description=""/>
      <sheetpath names="/" tstamps="/"/>
      <tstamp>5F26F65D</tstamp>
    </comp>
    <comp ref="C8">
      <value>100nF</value>
      <footprint>Capacitors_SMD:C_0603</footprint>
      <datasheet>~</datasheet>
      <libsource lib="Device" part="C" description="Unpolarized capacitor"/>
      <sheetpath names="/" tstamps="/"/>
      <tstamp>5F27AA53</tstamp>
    </comp>
    <comp ref="C12">
      <value>100nF</value>
      <footprint>Capacitors_SMD:C_0603</footprint>
      <datasheet>~</datasheet>
      <libsource lib="Device" part="C" description="Unpolarized capacitor"/>
      <sheetpath names="/" tstamps="/"/>
      <tstamp>5F27F0D2</tstamp>
    </comp>
    <comp ref="C14">
      <value>100uF</value>
      <footprint>Capacitors_SMD:CP_Elec_6.3x7.7</footprint>
      <datasheet>~</datasheet>
      <libsource lib="Device" part="CP" description="Polarized capacitor"/>
      <sheetpath names="/" tstamps="/"/>
      <tstamp>5F27F41E</tstamp>
    </comp>
    <comp ref="U7">
      <value>L293DD013TR</value>
      <footprint>Housings_SOIC:SOIC-20W_7.5x12.8mm_Pitch1.27mm</footprint>
      <fields>
        <field name="Field4">Unavailable</field>
        <field name="Field5">STMicroelectronics</field>
        <field name="Field6">68768</field>
        <field name="Field7">L293DD013TR</field>
        <field name="Field8">SOIC-20 STMicroelectronics</field>
        <field name="Field9">L293DD Series High Voltage Push - Pull Four Channel Driver with Diodes - SOIC-20</field>
      </fields>
      <libsource lib="L293DD013TR" part="L293DD013TR" description=""/>
      <sheetpath names="/" tstamps="/"/>
      <tstamp>5F285DF4</tstamp>
    </comp>
    <comp ref="C9">
      <value>100nF</value>
      <footprint>Capacitors_SMD:C_0603</footprint>
      <datasheet>~</datasheet>
      <libsource lib="Device" part="C" description="Unpolarized capacitor"/>
      <sheetpath names="/" tstamps="/"/>
      <tstamp>5F285E18</tstamp>
    </comp>
    <comp ref="C13">
      <value>100nF</value>
      <footprint>Capacitors_SMD:C_0603</footprint>
      <datasheet>~</datasheet>
      <libsource lib="Device" part="C" description="Unpolarized capacitor"/>
      <sheetpath names="/" tstamps="/"/>
      <tstamp>5F285E42</tstamp>
    </comp>
    <comp ref="C15">
      <value>100uF</value>
      <footprint>Capacitors_SMD:CP_Elec_6.3x7.7</footprint>
      <datasheet>~</datasheet>
      <libsource lib="Device" part="CP" description="Polarized capacitor"/>
      <sheetpath names="/" tstamps="/"/>
      <tstamp>5F285E4C</tstamp>
    </comp>
    <comp ref="J2">
      <value>ICSP</value>
      <footprint>Pin_Headers:Pin_Header_Straight_2x03_Pitch2.54mm</footprint>
      <datasheet>~</datasheet>
      <libsource lib="Connector_Generic" part="Conn_02x03_Odd_Even" description="Generic connector, double row, 02x03, odd/even pin numbering scheme (row 1 odd numbers, row 2 even numbers), script generated (kicad-library-utils/schlib/autogen/connector/)"/>
      <sheetpath names="/" tstamps="/"/>
      <tstamp>5F34E1A6</tstamp>
    </comp>
    <comp ref="J3">
      <value>SERIAL TTL</value>
      <footprint>Pin_Headers:Pin_Header_Straight_1x04_Pitch2.54mm</footprint>
      <datasheet>~</datasheet>
      <libsource lib="Connector_Generic" part="Conn_01x04" description="Generic connector, single row, 01x04, script generated (kicad-library-utils/schlib/autogen/connector/)"/>
      <sheetpath names="/" tstamps="/"/>
      <tstamp>5F378930</tstamp>
    </comp>
    <comp ref="R11">
      <value>1K</value>
      <footprint>Resistors_SMD:R_0603</footprint>
      <datasheet>~</datasheet>
      <libsource lib="Device" part="R" description="Resistor"/>
      <sheetpath names="/" tstamps="/"/>
      <tstamp>5F3796F9</tstamp>
    </comp>
    <comp ref="R12">
      <value>1K</value>
      <footprint>Resistors_SMD:R_0603</footprint>
      <datasheet>~</datasheet>
      <libsource lib="Device" part="R" description="Resistor"/>
      <sheetpath names="/" tstamps="/"/>
      <tstamp>5F37AA86</tstamp>
    </comp>
    <comp ref="D2">
      <value>1N4148W</value>
      <footprint>Diode_SMD:D_SOD-123</footprint>
      <datasheet>https://www.vishay.com/docs/85748/1n4148w.pdf</datasheet>
      <libsource lib="Diode" part="1N4148W" description="75V 0.15A Fast Switching Diode, SOD-123"/>
      <sheetpath names="/" tstamps="/"/>
      <tstamp>5F39438A</tstamp>
    </comp>
    <comp ref="U2">
      <value>PC817</value>
      <footprint>Package_DIP:DIP-4_W7.62mm</footprint>
      <datasheet>http://www.soselectronic.cz/a_info/resource/d/pc817.pdf</datasheet>
      <libsource lib="Isolator" part="PC817" description="DC Optocoupler, Vce 35V, CTR 50-300%, DIP4"/>
      <sheetpath names="/" tstamps="/"/>
      <tstamp>5F51C354</tstamp>
    </comp>
    <comp ref="R1">
      <value>4.7K</value>
      <footprint>Resistors_SMD:R_1206_HandSoldering</footprint>
      <datasheet>~</datasheet>
      <libsource lib="Device" part="R" description="Resistor"/>
      <sheetpath names="/" tstamps="/"/>
      <tstamp>5F5470AF</tstamp>
    </comp>
    <comp ref="J1">
      <value>IN-RELES</value>
      <footprint>EDS-Relays:BOR-6POS-691313510006</footprint>
      <datasheet>~</datasheet>
      <libsource lib="Connector_Generic" part="Conn_01x06" description="Generic connector, single row, 01x06, script generated (kicad-library-utils/schlib/autogen/connector/)"/>
      <sheetpath names="/" tstamps="/"/>
      <tstamp>5F5499B3</tstamp>
    </comp>
    <comp ref="J5">
      <value>OUT-RELES</value>
      <footprint>EDS-Relays:BOR-8POS_1</footprint>
      <datasheet>~</datasheet>
      <libsource lib="Connector_Generic" part="Conn_01x08" description="Generic connector, single row, 01x08, script generated (kicad-library-utils/schlib/autogen/connector/)"/>
      <sheetpath names="/" tstamps="/"/>
      <tstamp>5F5B504F</tstamp>
    </comp>
    <comp ref="R5">
      <value>10K</value>
      <footprint>Resistors_SMD:R_0603</footprint>
      <datasheet>~</datasheet>
      <libsource lib="Device" part="R" description="Resistor"/>
      <sheetpath names="/" tstamps="/"/>
      <tstamp>5F5C9228</tstamp>
    </comp>
    <comp ref="U3">
      <value>PC817</value>
      <footprint>Package_DIP:DIP-4_W7.62mm</footprint>
      <datasheet>http://www.soselectronic.cz/a_info/resource/d/pc817.pdf</datasheet>
      <libsource lib="Isolator" part="PC817" description="DC Optocoupler, Vce 35V, CTR 50-300%, DIP4"/>
      <sheetpath names="/" tstamps="/"/>
      <tstamp>5F60697E</tstamp>
    </comp>
    <comp ref="R2">
      <value>4.7K</value>
      <footprint>Resistors_SMD:R_1206_HandSoldering</footprint>
      <datasheet>~</datasheet>
      <libsource lib="Device" part="R" description="Resistor"/>
      <sheetpath names="/" tstamps="/"/>
      <tstamp>5F606992</tstamp>
    </comp>
    <comp ref="R6">
      <value>10K</value>
      <footprint>Resistors_SMD:R_0603</footprint>
      <datasheet>~</datasheet>
      <libsource lib="Device" part="R" description="Resistor"/>
      <sheetpath names="/" tstamps="/"/>
      <tstamp>5F6069AD</tstamp>
    </comp>
    <comp ref="U4">
      <value>PC817</value>
      <footprint>Package_DIP:DIP-4_W7.62mm</footprint>
      <datasheet>http://www.soselectronic.cz/a_info/resource/d/pc817.pdf</datasheet>
      <libsource lib="Isolator" part="PC817" description="DC Optocoupler, Vce 35V, CTR 50-300%, DIP4"/>
      <sheetpath names="/" tstamps="/"/>
      <tstamp>5F613682</tstamp>
    </comp>
    <comp ref="R3">
      <value>4.7K</value>
      <footprint>Resistors_SMD:R_1206_HandSoldering</footprint>
      <datasheet>~</datasheet>
      <libsource lib="Device" part="R" description="Resistor"/>
      <sheetpath names="/" tstamps="/"/>
      <tstamp>5F613696</tstamp>
    </comp>
    <comp ref="R7">
      <value>10K</value>
      <footprint>Resistors_SMD:R_0603</footprint>
      <datasheet>~</datasheet>
      <libsource lib="Device" part="R" description="Resistor"/>
      <sheetpath names="/" tstamps="/"/>
      <tstamp>5F6136B1</tstamp>
    </comp>
    <comp ref="U5">
      <value>PC817</value>
      <footprint>Package_DIP:DIP-4_W7.62mm</footprint>
      <datasheet>http://www.soselectronic.cz/a_info/resource/d/pc817.pdf</datasheet>
      <libsource lib="Isolator" part="PC817" description="DC Optocoupler, Vce 35V, CTR 50-300%, DIP4"/>
      <sheetpath names="/" tstamps="/"/>
      <tstamp>5F6136CB</tstamp>
    </comp>
    <comp ref="R4">
      <value>4.7K</value>
      <footprint>Resistors_SMD:R_1206_HandSoldering</footprint>
      <datasheet>~</datasheet>
      <libsource lib="Device" part="R" description="Resistor"/>
      <sheetpath names="/" tstamps="/"/>
      <tstamp>5F6136DF</tstamp>
    </comp>
    <comp ref="R8">
      <value>10K</value>
      <footprint>Resistors_SMD:R_0603</footprint>
      <datasheet>~</datasheet>
      <libsource lib="Device" part="R" description="Resistor"/>
      <sheetpath names="/" tstamps="/"/>
      <tstamp>5F6136FA</tstamp>
    </comp>
    <comp ref="U8">
      <value>MCP16301</value>
      <footprint>TO_SOT_Packages_SMD:SOT-23-6</footprint>
      <datasheet>http://ww1.microchip.com/downloads/en/DeviceDoc/20005004D.pdf</datasheet>
      <libsource lib="Regulator_Switching" part="MCP16301" description="1A, 4.0 to 30V Input, High Voltage Input integrated switch step-down regulator, SOT-23-6"/>
      <sheetpath names="/" tstamps="/"/>
      <tstamp>5E847DDF</tstamp>
    </comp>
    <comp ref="R13">
      <value>1M</value>
      <footprint>Resistors_SMD:R_0402</footprint>
      <datasheet>~</datasheet>
      <libsource lib="Device" part="R" description="Resistor"/>
      <sheetpath names="/" tstamps="/"/>
      <tstamp>5E848E84</tstamp>
    </comp>
    <comp ref="C6">
      <value>4.7uF</value>
      <footprint>Capacitors_SMD:C_1210</footprint>
      <datasheet>~</datasheet>
      <libsource lib="Device" part="C" description="Unpolarized capacitor"/>
      <sheetpath names="/" tstamps="/"/>
      <tstamp>5E8490F9</tstamp>
    </comp>
    <comp ref="C5">
      <value>4.7uF</value>
      <footprint>Capacitors_SMD:C_1210</footprint>
      <datasheet>~</datasheet>
      <libsource lib="Device" part="C" description="Unpolarized capacitor"/>
      <sheetpath names="/" tstamps="/"/>
      <tstamp>5E8494B0</tstamp>
    </comp>
    <comp ref="L1">
      <value>15uH</value>
      <footprint>EDS-Relays:PA4318</footprint>
      <datasheet>https://www.digikey.com/product-detail/en/pulse-electronics-power/PA4318-153NLT/553-3707-1-ND/6555234</datasheet>
      <libsource lib="Device" part="L" description="Inductor"/>
      <sheetpath names="/" tstamps="/"/>
      <tstamp>5E849730</tstamp>
    </comp>
    <comp ref="D4">
      <value>B140-13-F</value>
      <footprint>Diodes_SMD:D_SMA</footprint>
      <datasheet>~</datasheet>
      <libsource lib="Device" part="D_Schottky_ALT" description="Schottky diode, filled shape"/>
      <sheetpath names="/" tstamps="/"/>
      <tstamp>5E84A231</tstamp>
    </comp>
    <comp ref="C7">
      <value>0.1uF</value>
      <footprint>Capacitors_SMD:C_0603</footprint>
      <datasheet>~</datasheet>
      <libsource lib="Device" part="C" description="Unpolarized capacitor"/>
      <sheetpath names="/" tstamps="/"/>
      <tstamp>5E84AA36</tstamp>
    </comp>
    <comp ref="D5">
      <value>1N4448W</value>
      <footprint>Diodes_SMD:D_SOD-123</footprint>
      <datasheet>https://www.vishay.com/docs/85722/1n4448w.pdf</datasheet>
      <libsource lib="Diode" part="1N4448W" description="100V 0.15A High-speed standard diode, SOD-123"/>
      <sheetpath names="/" tstamps="/"/>
      <tstamp>5E84B21A</tstamp>
    </comp>
    <comp ref="C10">
      <value>10uF</value>
      <footprint>Capacitors_SMD:C_0805</footprint>
      <datasheet>~</datasheet>
      <libsource lib="Device" part="C" description="Unpolarized capacitor"/>
      <sheetpath names="/" tstamps="/"/>
      <tstamp>5E84BF1B</tstamp>
    </comp>
    <comp ref="C11">
      <value>10uF</value>
      <footprint>Capacitors_SMD:C_0805</footprint>
      <datasheet>~</datasheet>
      <libsource lib="Device" part="C" description="Unpolarized capacitor"/>
      <sheetpath names="/" tstamps="/"/>
      <tstamp>5E84C497</tstamp>
    </comp>
    <comp ref="R14">
      <value>31.6K</value>
      <footprint>Resistors_SMD:R_0603</footprint>
      <datasheet>~</datasheet>
      <libsource lib="Device" part="R" description="Resistor"/>
      <sheetpath names="/" tstamps="/"/>
      <tstamp>5E84C5ED</tstamp>
    </comp>
    <comp ref="R15">
      <value>10K</value>
      <footprint>Resistors_SMD:R_0603</footprint>
      <datasheet>~</datasheet>
      <libsource lib="Device" part="R" description="Resistor"/>
      <sheetpath names="/" tstamps="/"/>
      <tstamp>5E84CB33</tstamp>
    </comp>
    <comp ref="R16">
      <value>300</value>
      <footprint>Resistors_SMD:R_0402</footprint>
      <datasheet>~</datasheet>
      <libsource lib="Device" part="R" description="Resistor"/>
      <sheetpath names="/" tstamps="/"/>
      <tstamp>5E84D5A3</tstamp>
    </comp>
    <comp ref="D6">
      <value>GREEN</value>
      <footprint>LEDs:LED_0603</footprint>
      <datasheet>~</datasheet>
      <libsource lib="Device" part="LED_ALT" description="Light emitting diode, filled shape"/>
      <sheetpath names="/" tstamps="/"/>
      <tstamp>5E84DA5E</tstamp>
    </comp>
    <comp ref="TP2">
      <value>3V3</value>
      <footprint>Measurement_Points:Measurement_Point_Round-SMD-Pad_Big</footprint>
      <datasheet>~</datasheet>
      <libsource lib="Connector" part="TestPoint" description="test point"/>
      <sheetpath names="/" tstamps="/"/>
      <tstamp>5E84E8E0</tstamp>
    </comp>
    <comp ref="FB1">
      <value>470R</value>
      <footprint>Inductors_SMD:L_0603</footprint>
      <datasheet>~</datasheet>
      <libsource lib="Device" part="Ferrite_Bead" description="Ferrite bead"/>
      <sheetpath names="/" tstamps="/"/>
      <tstamp>5E84F40D</tstamp>
    </comp>
    <comp ref="FB2">
      <value>470R</value>
      <footprint>Inductors_SMD:L_0603</footprint>
      <datasheet>~</datasheet>
      <libsource lib="Device" part="Ferrite_Bead" description="Ferrite bead"/>
      <sheetpath names="/" tstamps="/"/>
      <tstamp>5E8561CA</tstamp>
    </comp>
    <comp ref="TP1">
      <value>VDC</value>
      <footprint>Measurement_Points:Measurement_Point_Round-SMD-Pad_Big</footprint>
      <datasheet>~</datasheet>
      <libsource lib="Connector" part="TestPoint" description="test point"/>
      <sheetpath names="/" tstamps="/"/>
      <tstamp>5E8B95BA</tstamp>
    </comp>
    <comp ref="TP3">
      <value>GND</value>
      <footprint>Measurement_Points:Measurement_Point_Round-SMD-Pad_Big</footprint>
      <datasheet>~</datasheet>
      <libsource lib="Connector" part="TestPoint" description="test point"/>
      <sheetpath names="/" tstamps="/"/>
      <tstamp>5EACD029</tstamp>
    </comp>
    <comp ref="J4">
      <value>PWR_Supply</value>
      <footprint>EDS-Relays:BOR-2POS-PHOENIX_1757242</footprint>
      <datasheet>~</datasheet>
      <libsource lib="Connector_Generic" part="Conn_01x02" description="Generic connector, single row, 01x02, script generated (kicad-library-utils/schlib/autogen/connector/)"/>
      <sheetpath names="/" tstamps="/"/>
      <tstamp>5F8BEAE9</tstamp>
    </comp>
    <comp ref="D3">
      <value>SMBJ30A</value>
      <footprint>Diode_SMD:D_SMB</footprint>
      <datasheet>https://diotec.com/tl_files/diotec/files/pdf/datasheets/z2smb1.pdf</datasheet>
      <libsource lib="Diode" part="Z2SMBxxx" description="2000mW Zener Diode, SMB(DO-214AA)"/>
      <sheetpath names="/" tstamps="/"/>
      <tstamp>5F9137E8</tstamp>
    </comp>
  </components>
  <libparts>
    <libpart lib="Connector" part="TestPoint">
      <description>test point</description>
      <docs>~</docs>
      <footprints>
        <fp>Pin*</fp>
        <fp>Test*</fp>
      </footprints>
      <fields>
        <field name="Reference">TP</field>
        <field name="Value">TestPoint</field>
      </fields>
      <pins>
        <pin num="1" name="1" type="passive"/>
      </pins>
    </libpart>
    <libpart lib="Connector_Generic" part="Conn_01x02">
      <description>Generic connector, single row, 01x02, script generated (kicad-library-utils/schlib/autogen/connector/)</description>
      <docs>~</docs>
      <footprints>
        <fp>Connector*:*_1x??_*</fp>
      </footprints>
      <fields>
        <field name="Reference">J</field>
        <field name="Value">Conn_01x02</field>
      </fields>
      <pins>
        <pin num="1" name="Pin_1" type="passive"/>
        <pin num="2" name="Pin_2" type="passive"/>
      </pins>
    </libpart>
    <libpart lib="Connector_Generic" part="Conn_01x04">
      <description>Generic connector, single row, 01x04, script generated (kicad-library-utils/schlib/autogen/connector/)</description>
      <docs>~</docs>
      <footprints>
        <fp>Connector*:*_1x??_*</fp>
      </footprints>
      <fields>
        <field name="Reference">J</field>
        <field name="Value">Conn_01x04</field>
      </fields>
      <pins>
        <pin num="1" name="Pin_1" type="passive"/>
        <pin num="2" name="Pin_2" type="passive"/>
        <pin num="3" name="Pin_3" type="passive"/>
        <pin num="4" name="Pin_4" type="passive"/>
      </pins>
    </libpart>
    <libpart lib="Connector_Generic" part="Conn_01x06">
      <description>Generic connector, single row, 01x06, script generated (kicad-library-utils/schlib/autogen/connector/)</description>
      <docs>~</docs>
      <footprints>
        <fp>Connector*:*_1x??_*</fp>
      </footprints>
      <fields>
        <field name="Reference">J</field>
        <field name="Value">Conn_01x06</field>
      </fields>
      <pins>
        <pin num="1" name="Pin_1" type="passive"/>
        <pin num="2" name="Pin_2" type="passive"/>
        <pin num="3" name="Pin_3" type="passive"/>
        <pin num="4" name="Pin_4" type="passive"/>
        <pin num="5" name="Pin_5" type="passive"/>
        <pin num="6" name="Pin_6" type="passive"/>
      </pins>
    </libpart>
    <libpart lib="Connector_Generic" part="Conn_01x08">
      <description>Generic connector, single row, 01x08, script generated (kicad-library-utils/schlib/autogen/connector/)</description>
      <docs>~</docs>
      <footprints>
        <fp>Connector*:*_1x??_*</fp>
      </footprints>
      <fields>
        <field name="Reference">J</field>
        <field name="Value">Conn_01x08</field>
      </fields>
      <pins>
        <pin num="1" name="Pin_1" type="passive"/>
        <pin num="2" name="Pin_2" type="passive"/>
        <pin num="3" name="Pin_3" type="passive"/>
        <pin num="4" name="Pin_4" type="passive"/>
        <pin num="5" name="Pin_5" type="passive"/>
        <pin num="6" name="Pin_6" type="passive"/>
        <pin num="7" name="Pin_7" type="passive"/>
        <pin num="8" name="Pin_8" type="passive"/>
      </pins>
    </libpart>
    <libpart lib="Connector_Generic" part="Conn_02x03_Odd_Even">
      <description>Generic connector, double row, 02x03, odd/even pin numbering scheme (row 1 odd numbers, row 2 even numbers), script generated (kicad-library-utils/schlib/autogen/connector/)</description>
      <docs>~</docs>
      <footprints>
        <fp>Connector*:*_2x??_*</fp>
      </footprints>
      <fields>
        <field name="Reference">J</field>
        <field name="Value">Conn_02x03_Odd_Even</field>
      </fields>
      <pins>
        <pin num="1" name="Pin_1" type="passive"/>
        <pin num="2" name="Pin_2" type="passive"/>
        <pin num="3" name="Pin_3" type="passive"/>
        <pin num="4" name="Pin_4" type="passive"/>
        <pin num="5" name="Pin_5" type="passive"/>
        <pin num="6" name="Pin_6" type="passive"/>
      </pins>
    </libpart>
    <libpart lib="Device" part="C">
      <description>Unpolarized capacitor</description>
      <docs>~</docs>
      <footprints>
        <fp>C_*</fp>
      </footprints>
      <fields>
        <field name="Reference">C</field>
        <field name="Value">C</field>
      </fields>
      <pins>
        <pin num="1" name="~" type="passive"/>
        <pin num="2" name="~" type="passive"/>
      </pins>
    </libpart>
    <libpart lib="Device" part="CP">
      <description>Polarized capacitor</description>
      <docs>~</docs>
      <footprints>
        <fp>CP_*</fp>
      </footprints>
      <fields>
        <field name="Reference">C</field>
        <field name="Value">CP</field>
      </fields>
      <pins>
        <pin num="1" name="~" type="passive"/>
        <pin num="2" name="~" type="passive"/>
      </pins>
    </libpart>
    <libpart lib="Device" part="Crystal">
      <description>Two pin crystal</description>
      <docs>~</docs>
      <footprints>
        <fp>Crystal*</fp>
      </footprints>
      <fields>
        <field name="Reference">Y</field>
        <field name="Value">Crystal</field>
      </fields>
      <pins>
        <pin num="1" name="1" type="passive"/>
        <pin num="2" name="2" type="passive"/>
      </pins>
    </libpart>
    <libpart lib="Device" part="D_Schottky_ALT">
      <description>Schottky diode, filled shape</description>
      <docs>~</docs>
      <footprints>
        <fp>TO-???*</fp>
        <fp>*_Diode_*</fp>
        <fp>*SingleDiode*</fp>
        <fp>D_*</fp>
      </footprints>
      <fields>
        <field name="Reference">D</field>
        <field name="Value">D_Schottky_ALT</field>
      </fields>
      <pins>
        <pin num="1" name="K" type="passive"/>
        <pin num="2" name="A" type="passive"/>
      </pins>
    </libpart>
    <libpart lib="Device" part="Ferrite_Bead">
      <description>Ferrite bead</description>
      <docs>~</docs>
      <footprints>
        <fp>Inductor_*</fp>
        <fp>L_*</fp>
        <fp>*Ferrite*</fp>
      </footprints>
      <fields>
        <field name="Reference">FB</field>
        <field name="Value">Ferrite_Bead</field>
      </fields>
      <pins>
        <pin num="1" name="~" type="passive"/>
        <pin num="2" name="~" type="passive"/>
      </pins>
    </libpart>
    <libpart lib="Device" part="L">
      <description>Inductor</description>
      <docs>~</docs>
      <footprints>
        <fp>Choke_*</fp>
        <fp>*Coil*</fp>
        <fp>Inductor_*</fp>
        <fp>L_*</fp>
      </footprints>
      <fields>
        <field name="Reference">L</field>
        <field name="Value">L</field>
      </fields>
      <pins>
        <pin num="1" name="1" type="passive"/>
        <pin num="2" name="2" type="passive"/>
      </pins>
    </libpart>
    <libpart lib="Device" part="LED_ALT">
      <description>Light emitting diode, filled shape</description>
      <docs>~</docs>
      <footprints>
        <fp>LED*</fp>
        <fp>LED_SMD:*</fp>
        <fp>LED_THT:*</fp>
      </footprints>
      <fields>
        <field name="Reference">D</field>
        <field name="Value">LED_ALT</field>
      </fields>
      <pins>
        <pin num="1" name="K" type="passive"/>
        <pin num="2" name="A" type="passive"/>
      </pins>
    </libpart>
    <libpart lib="Device" part="R">
      <description>Resistor</description>
      <docs>~</docs>
      <footprints>
        <fp>R_*</fp>
      </footprints>
      <fields>
        <field name="Reference">R</field>
        <field name="Value">R</field>
      </fields>
      <pins>
        <pin num="1" name="~" type="passive"/>
        <pin num="2" name="~" type="passive"/>
      </pins>
    </libpart>
    <libpart lib="Diode" part="MMSD914">
      <aliases>
        <alias>1N4148W</alias>
        <alias>BAV16W</alias>
        <alias>1N4448W</alias>
        <alias>MMSD4148</alias>
      </aliases>
      <description>100V 0.2A Switching Diode, SOD-123</description>
      <docs>https://www.onsemi.com/pub/Collateral/MMSD914T1-D.PDF</docs>
      <footprints>
        <fp>D*SOD?123*</fp>
      </footprints>
      <fields>
        <field name="Reference">D</field>
        <field name="Value">MMSD914</field>
        <field name="Footprint">Diode_SMD:D_SOD-123</field>
      </fields>
      <pins>
        <pin num="1" name="K" type="passive"/>
        <pin num="2" name="A" type="passive"/>
      </pins>
    </libpart>
    <libpart lib="Diode" part="Z2SMBxxx">
      <description>2000mW Zener Diode, SMB(DO-214AA)</description>
      <docs>https://diotec.com/tl_files/diotec/files/pdf/datasheets/z2smb1.pdf</docs>
      <footprints>
        <fp>D?SMB*</fp>
      </footprints>
      <fields>
        <field name="Reference">D</field>
        <field name="Value">Z2SMBxxx</field>
        <field name="Footprint">Diode_SMD:D_SMB</field>
      </fields>
      <pins>
        <pin num="1" name="K" type="passive"/>
        <pin num="2" name="A" type="passive"/>
      </pins>
    </libpart>
    <libpart lib="Isolator" part="PC817">
      <description>DC Optocoupler, Vce 35V, CTR 50-300%, DIP4</description>
      <docs>http://www.soselectronic.cz/a_info/resource/d/pc817.pdf</docs>
      <footprints>
        <fp>DIP*W7.62mm*</fp>
      </footprints>
      <fields>
        <field name="Reference">U</field>
        <field name="Value">PC817</field>
        <field name="Footprint">Package_DIP:DIP-4_W7.62mm</field>
      </fields>
      <pins>
        <pin num="1" name="~" type="passive"/>
        <pin num="2" name="~" type="passive"/>
        <pin num="3" name="~" type="passive"/>
        <pin num="4" name="~" type="passive"/>
      </pins>
    </libpart>
    <libpart lib="L293DD013TR" part="L293DD013TR">
      <fields>
        <field name="Reference">U</field>
        <field name="Value">L293DD013TR</field>
        <field name="Footprint">SOIC127P1032X265-20N</field>
        <field name="Datasheet">None</field>
        <field name="Field4">Unavailable</field>
        <field name="Field5">STMicroelectronics</field>
        <field name="Field6">68768</field>
        <field name="Field7">L293DD013TR</field>
        <field name="Field8">SOIC-20 STMicroelectronics</field>
        <field name="Field9">L293DD Series High Voltage Push - Pull Four Channel Driver with Diodes - SOIC-20</field>
      </fields>
      <pins>
        <pin num="1" name="ENABLE1" type="input"/>
        <pin num="2" name="INPUT1" type="input"/>
        <pin num="3" name="OUTPUT1" type="output"/>
        <pin num="4" name="GND" type="power_in"/>
        <pin num="5" name="GND" type="power_in"/>
        <pin num="6" name="GND" type="power_in"/>
        <pin num="7" name="GND" type="power_in"/>
        <pin num="8" name="OUTPUT2" type="output"/>
        <pin num="9" name="INPUT2" type="input"/>
        <pin num="10" name="VS" type="power_in"/>
        <pin num="11" name="ENABLE2" type="input"/>
        <pin num="12" name="INPUT3" type="input"/>
        <pin num="13" name="OUTPUT3" type="output"/>
        <pin num="14" name="GND" type="power_in"/>
        <pin num="15" name="GND" type="power_in"/>
        <pin num="16" name="GND" type="power_in"/>
        <pin num="17" name="GND" type="power_in"/>
        <pin num="18" name="OUTPUT4" type="output"/>
        <pin num="19" name="INPUT4" type="input"/>
        <pin num="20" name="VSS" type="power_in"/>
      </pins>
    </libpart>
    <libpart lib="MCU_Microchip_ATmega" part="ATmega48PV-10AU">
      <aliases>
        <alias>ATmega48P-20AU</alias>
        <alias>ATmega48A-AU</alias>
        <alias>ATmega48PA-AU</alias>
        <alias>ATmega88PV-10AU</alias>
        <alias>ATmega88P-20AU</alias>
        <alias>ATmega88A-AU</alias>
        <alias>ATmega88PA-AU</alias>
        <alias>ATmega168PV-10AU</alias>
        <alias>ATmega168P-20AU</alias>
        <alias>ATmega168A-AU</alias>
        <alias>ATmega168PA-AU</alias>
        <alias>ATmega328-AU</alias>
        <alias>ATmega328P-AU</alias>
      </aliases>
      <description>10MHz, 4kB Flash, 512B SRAM, 256B EEPROM, TQFP-32</description>
      <docs>http://ww1.microchip.com/downloads/en/DeviceDoc/Atmel-8025-8-bit-AVR-Microcontroller-ATmega48P-88P-168P_Datasheet.pdf</docs>
      <footprints>
        <fp>TQFP*7x7mm*P0.8mm*</fp>
      </footprints>
      <fields>
        <field name="Reference">U</field>
        <field name="Value">ATmega48PV-10AU</field>
        <field name="Footprint">Package_QFP:TQFP-32_7x7mm_P0.8mm</field>
      </fields>
      <pins>
        <pin num="1" name="PD3" type="3state"/>
        <pin num="2" name="PD4" type="3state"/>
        <pin num="3" name="GND" type="power_in"/>
        <pin num="4" name="VCC" type="power_in"/>
        <pin num="5" name="GND" type="passive"/>
        <pin num="6" name="VCC" type="passive"/>
        <pin num="7" name="XTAL1/PB6" type="3state"/>
        <pin num="8" name="XTAL2/PB7" type="3state"/>
        <pin num="9" name="PD5" type="3state"/>
        <pin num="10" name="PD6" type="3state"/>
        <pin num="11" name="PD7" type="3state"/>
        <pin num="12" name="PB0" type="3state"/>
        <pin num="13" name="PB1" type="3state"/>
        <pin num="14" name="PB2" type="3state"/>
        <pin num="15" name="PB3" type="3state"/>
        <pin num="16" name="PB4" type="3state"/>
        <pin num="17" name="PB5" type="3state"/>
        <pin num="18" name="AVCC" type="power_in"/>
        <pin num="19" name="ADC6" type="input"/>
        <pin num="20" name="AREF" type="passive"/>
        <pin num="21" name="GND" type="passive"/>
        <pin num="22" name="ADC7" type="input"/>
        <pin num="23" name="PC0" type="3state"/>
        <pin num="24" name="PC1" type="3state"/>
        <pin num="25" name="PC2" type="3state"/>
        <pin num="26" name="PC3" type="3state"/>
        <pin num="27" name="PC4" type="3state"/>
        <pin num="28" name="PC5" type="3state"/>
        <pin num="29" name="~RESET~/PC6" type="3state"/>
        <pin num="30" name="PD0" type="3state"/>
        <pin num="31" name="PD1" type="3state"/>
        <pin num="32" name="PD2" type="3state"/>
      </pins>
    </libpart>
    <libpart lib="Regulator_Switching" part="MCP16301">
      <aliases>
        <alias>MCP16301H</alias>
      </aliases>
      <description>1A, 4.0 to 30V Input, High Voltage Input integrated switch step-down regulator, SOT-23-6</description>
      <docs>http://ww1.microchip.com/downloads/en/DeviceDoc/20005004D.pdf</docs>
      <footprints>
        <fp>SOT?23*</fp>
      </footprints>
      <fields>
        <field name="Reference">U</field>
        <field name="Value">MCP16301</field>
        <field name="Footprint">Package_TO_SOT_SMD:SOT-23-6</field>
      </fields>
      <pins>
        <pin num="1" name="BOOST" type="output"/>
        <pin num="2" name="GND" type="power_in"/>
        <pin num="3" name="Vfb" type="input"/>
        <pin num="4" name="EN" type="input"/>
        <pin num="5" name="Vin" type="power_in"/>
        <pin num="6" name="SW" type="output"/>
      </pins>
    </libpart>
    <libpart lib="Switch" part="SW_Push">
      <description>Push button switch, generic, two pins</description>
      <docs>~</docs>
      <fields>
        <field name="Reference">SW</field>
        <field name="Value">SW_Push</field>
      </fields>
      <pins>
        <pin num="1" name="1" type="passive"/>
        <pin num="2" name="2" type="passive"/>
      </pins>
    </libpart>
  </libparts>
  <libraries>
    <library logical="Connector">
      <uri>C:\Program Files\KiCad\share\kicad\library/Connector.lib</uri>
    </library>
    <library logical="Connector_Generic">
      <uri>C:\Program Files\KiCad\share\kicad\library/Connector_Generic.lib</uri>
    </library>
    <library logical="Device">
      <uri>C:\Program Files\KiCad\share\kicad\library/Device.lib</uri>
    </library>
    <library logical="Diode">
      <uri>C:\Program Files\KiCad\share\kicad\library/Diode.lib</uri>
    </library>
    <library logical="Isolator">
      <uri>C:\Program Files\KiCad\share\kicad\library/Isolator.lib</uri>
    </library>
    <library logical="L293DD013TR">
      <uri>D:\BACKUP_IMAGREDO\OneDrive - INPEL SA\INPEL\PROTOTIPOS\Modulo_EDS-Reles\kicad\EDS-Relays/importados/L293DD013TR/L293DD013TR.lib</uri>
    </library>
    <library logical="MCU_Microchip_ATmega">
      <uri>C:\Program Files\KiCad\share\kicad\library/MCU_Microchip_ATmega.lib</uri>
    </library>
    <library logical="Regulator_Switching">
      <uri>C:\Program Files\KiCad\share\kicad\library/Regulator_Switching.lib</uri>
    </library>
    <library logical="Switch">
      <uri>C:\Program Files\KiCad\share\kicad\library/Switch.lib</uri>
    </library>
  </libraries>
  <nets>
    <net code="1" name="Net-(R3-Pad1)">
      <node ref="U4" pin="1"/>
      <node ref="R3" pin="1"/>
    </net>
    <net code="2" name="Earth">
      <node ref="J1" pin="1"/>
      <node ref="J1" pin="6"/>
      <node ref="U2" pin="2"/>
      <node ref="U5" pin="2"/>
      <node ref="U3" pin="2"/>
      <node ref="U4" pin="2"/>
    </net>
    <net code="3" name="GND">
      <node ref="C12" pin="2"/>
      <node ref="C14" pin="2"/>
      <node ref="C2" pin="2"/>
      <node ref="C1" pin="2"/>
      <node ref="U6" pin="5"/>
      <node ref="SW1" pin="2"/>
      <node ref="U6" pin="17"/>
      <node ref="C4" pin="2"/>
      <node ref="U1" pin="5"/>
      <node ref="U1" pin="3"/>
      <node ref="C8" pin="2"/>
      <node ref="U6" pin="7"/>
      <node ref="U6" pin="6"/>
      <node ref="U1" pin="21"/>
      <node ref="C3" pin="2"/>
      <node ref="U6" pin="4"/>
      <node ref="D6" pin="1"/>
      <node ref="R15" pin="1"/>
      <node ref="C11" pin="2"/>
      <node ref="C10" pin="2"/>
      <node ref="D3" pin="2"/>
      <node ref="U6" pin="15"/>
      <node ref="U6" pin="14"/>
      <node ref="U6" pin="16"/>
      <node ref="J4" pin="2"/>
      <node ref="TP3" pin="1"/>
      <node ref="U7" pin="17"/>
      <node ref="U8" pin="2"/>
      <node ref="C9" pin="2"/>
      <node ref="U7" pin="16"/>
      <node ref="U7" pin="7"/>
      <node ref="U7" pin="6"/>
      <node ref="U7" pin="5"/>
      <node ref="U7" pin="4"/>
      <node ref="C6" pin="2"/>
      <node ref="U7" pin="14"/>
      <node ref="C5" pin="2"/>
      <node ref="J2" pin="6"/>
      <node ref="D4" pin="2"/>
      <node ref="J3" pin="4"/>
      <node ref="U5" pin="3"/>
      <node ref="C13" pin="2"/>
      <node ref="U4" pin="3"/>
      <node ref="U3" pin="3"/>
      <node ref="C15" pin="2"/>
      <node ref="U7" pin="15"/>
      <node ref="U2" pin="3"/>
    </net>
    <net code="4" name="/I-3">
      <node ref="J1" pin="4"/>
      <node ref="R3" pin="2"/>
    </net>
    <net code="5" name="Net-(R2-Pad1)">
      <node ref="R2" pin="1"/>
      <node ref="U3" pin="1"/>
    </net>
    <net code="6" name="/I-2">
      <node ref="R2" pin="2"/>
      <node ref="J1" pin="3"/>
    </net>
    <net code="7" name="/C1">
      <node ref="U1" pin="24"/>
      <node ref="U3" pin="4"/>
      <node ref="R6" pin="2"/>
    </net>
    <net code="8" name="/C3">
      <node ref="R8" pin="2"/>
      <node ref="U1" pin="26"/>
      <node ref="U5" pin="4"/>
    </net>
    <net code="9" name="Net-(C7-Pad1)">
      <node ref="C7" pin="1"/>
      <node ref="U8" pin="1"/>
      <node ref="D5" pin="1"/>
    </net>
    <net code="10" name="Net-(R14-Pad1)">
      <node ref="R14" pin="1"/>
      <node ref="U8" pin="3"/>
      <node ref="R15" pin="2"/>
    </net>
    <net code="11" name="Net-(R13-Pad1)">
      <node ref="U8" pin="4"/>
      <node ref="R13" pin="1"/>
    </net>
    <net code="12" name="Net-(C5-Pad1)">
      <node ref="FB1" pin="1"/>
      <node ref="U8" pin="5"/>
      <node ref="R13" pin="2"/>
      <node ref="C6" pin="1"/>
      <node ref="C5" pin="1"/>
    </net>
    <net code="13" name="Net-(C10-Pad1)">
      <node ref="L1" pin="2"/>
      <node ref="FB2" pin="2"/>
      <node ref="D5" pin="2"/>
      <node ref="C10" pin="1"/>
      <node ref="C11" pin="1"/>
      <node ref="R14" pin="2"/>
    </net>
    <net code="14" name="/C2">
      <node ref="U1" pin="25"/>
      <node ref="U4" pin="4"/>
      <node ref="R7" pin="2"/>
    </net>
    <net code="15" name="Net-(R4-Pad1)">
      <node ref="R4" pin="1"/>
      <node ref="U5" pin="1"/>
    </net>
    <net code="16" name="/I-4">
      <node ref="R4" pin="2"/>
      <node ref="J1" pin="5"/>
    </net>
    <net code="17" name="/B-IN-4">
      <node ref="U7" pin="19"/>
      <node ref="U1" pin="14"/>
    </net>
    <net code="18" name="/B-IN-2">
      <node ref="U7" pin="9"/>
      <node ref="U1" pin="12"/>
    </net>
    <net code="19" name="/B-IN-3">
      <node ref="U1" pin="13"/>
      <node ref="U7" pin="12"/>
    </net>
    <net code="20" name="/B-IN-1">
      <node ref="U1" pin="11"/>
      <node ref="U7" pin="2"/>
    </net>
    <net code="21" name="/A-IN-4">
      <node ref="U6" pin="19"/>
      <node ref="U1" pin="10"/>
    </net>
    <net code="22" name="/A-IN-3">
      <node ref="U1" pin="9"/>
      <node ref="U6" pin="12"/>
    </net>
    <net code="23" name="/A-IN-2">
      <node ref="U6" pin="9"/>
      <node ref="U1" pin="2"/>
    </net>
    <net code="24" name="/A-IN-1">
      <node ref="U1" pin="1"/>
      <node ref="U6" pin="2"/>
    </net>
    <net code="25" name="/ENABLE">
      <node ref="U7" pin="1"/>
      <node ref="U1" pin="32"/>
      <node ref="U6" pin="11"/>
      <node ref="U7" pin="11"/>
      <node ref="U6" pin="1"/>
    </net>
    <net code="26" name="Net-(R1-Pad1)">
      <node ref="R1" pin="1"/>
      <node ref="U2" pin="1"/>
    </net>
    <net code="27" name="/D1_TXD">
      <node ref="U1" pin="31"/>
      <node ref="R12" pin="1"/>
    </net>
    <net code="28" name="Net-(D2-Pad2)">
      <node ref="J3" pin="1"/>
      <node ref="D2" pin="2"/>
    </net>
    <net code="29" name="/D0_RXD">
      <node ref="R11" pin="1"/>
      <node ref="U1" pin="30"/>
    </net>
    <net code="30" name="Net-(J3-Pad3)">
      <node ref="J3" pin="3"/>
      <node ref="R12" pin="2"/>
    </net>
    <net code="31" name="Net-(J3-Pad2)">
      <node ref="R11" pin="2"/>
      <node ref="J3" pin="2"/>
    </net>
    <net code="32" name="/B-OUT-4">
      <node ref="J5" pin="8"/>
      <node ref="U7" pin="18"/>
    </net>
    <net code="33" name="/C0">
      <node ref="U2" pin="4"/>
      <node ref="R5" pin="2"/>
      <node ref="U1" pin="23"/>
    </net>
    <net code="34" name="/I-1">
      <node ref="R1" pin="2"/>
      <node ref="J1" pin="2"/>
    </net>
    <net code="35" name="+3V3">
      <node ref="C2" pin="1"/>
      <node ref="C1" pin="1"/>
      <node ref="C9" pin="1"/>
      <node ref="J2" pin="2"/>
      <node ref="U7" pin="20"/>
      <node ref="R8" pin="1"/>
      <node ref="U1" pin="18"/>
      <node ref="FB2" pin="1"/>
      <node ref="C8" pin="1"/>
      <node ref="R9" pin="1"/>
      <node ref="R5" pin="1"/>
      <node ref="U1" pin="4"/>
      <node ref="R16" pin="2"/>
      <node ref="U1" pin="6"/>
      <node ref="R7" pin="1"/>
      <node ref="U6" pin="20"/>
      <node ref="TP2" pin="1"/>
      <node ref="R6" pin="1"/>
    </net>
    <net code="36" name="Net-(D6-Pad2)">
      <node ref="D6" pin="2"/>
      <node ref="R16" pin="1"/>
    </net>
    <net code="37" name="VDD">
      <node ref="TP1" pin="1"/>
      <node ref="D2" pin="1"/>
      <node ref="C13" pin="1"/>
      <node ref="C15" pin="1"/>
      <node ref="FB1" pin="2"/>
      <node ref="U6" pin="10"/>
      <node ref="J4" pin="1"/>
      <node ref="C14" pin="1"/>
      <node ref="U7" pin="10"/>
      <node ref="C12" pin="1"/>
      <node ref="D3" pin="1"/>
    </net>
    <net code="38" name="Net-(C7-Pad2)">
      <node ref="D4" pin="1"/>
      <node ref="C7" pin="2"/>
      <node ref="L1" pin="1"/>
      <node ref="U8" pin="6"/>
    </net>
    <net code="39" name="/RESET">
      <node ref="J2" pin="5"/>
      <node ref="U1" pin="29"/>
      <node ref="SW1" pin="1"/>
      <node ref="R9" pin="2"/>
    </net>
    <net code="40" name="/A-OUT-1">
      <node ref="J5" pin="1"/>
      <node ref="U6" pin="3"/>
    </net>
    <net code="41" name="/A-OUT-2">
      <node ref="U6" pin="8"/>
      <node ref="J5" pin="2"/>
    </net>
    <net code="42" name="/A-OUT-3">
      <node ref="J5" pin="3"/>
      <node ref="U6" pin="13"/>
    </net>
    <net code="43" name="/A-OUT-4">
      <node ref="U6" pin="18"/>
      <node ref="J5" pin="4"/>
    </net>
    <net code="44" name="/XTAL1">
      <node ref="U1" pin="7"/>
      <node ref="C3" pin="1"/>
      <node ref="Y1" pin="1"/>
    </net>
    <net code="45" name="/XTAL2">
      <node ref="C4" pin="1"/>
      <node ref="U1" pin="8"/>
      <node ref="Y1" pin="2"/>
    </net>
    <net code="46" name="/C4">
      <node ref="U1" pin="27"/>
    </net>
    <net code="47" name="/C5">
      <node ref="U1" pin="28"/>
    </net>
    <net code="48" name="/B3_MOSI">
      <node ref="U1" pin="15"/>
      <node ref="J2" pin="4"/>
    </net>
    <net code="49" name="/B4_MISO">
      <node ref="U1" pin="16"/>
      <node ref="J2" pin="1"/>
    </net>
    <net code="50" name="/B5_SCK">
      <node ref="J2" pin="3"/>
      <node ref="U1" pin="17"/>
    </net>
    <net code="51" name="/AREF">
      <node ref="U1" pin="20"/>
    </net>
    <net code="52" name="/ADC6">
      <node ref="U1" pin="19"/>
    </net>
    <net code="53" name="/ADC7">
      <node ref="U1" pin="22"/>
    </net>
    <net code="54" name="/B-OUT-1">
      <node ref="U7" pin="3"/>
      <node ref="J5" pin="5"/>
    </net>
    <net code="55" name="/B-OUT-2">
      <node ref="U7" pin="8"/>
      <node ref="J5" pin="6"/>
    </net>
    <net code="56" name="/B-OUT-3">
      <node ref="J5" pin="7"/>
      <node ref="U7" pin="13"/>
    </net>
  </nets>
</export>
